Cluster,CustomerID,Gender,Age,Annual Income (k$),Spending Score (1-100)
0,102.93617021276596,0.40425531914893614,55.170212765957444,116.63829787234043,44.744680851063826
1,110.17647058823529,0.5,54.85294117647059,45.1764705882353,23.705882352941178
2,78.15789473684211,0.5,54.73684210526316,47.5,79.10526315789474
3,109.63157894736842,0.5789473684210527,32.10526315789474,70.73684210526316,79.13157894736842
4,101.86046511627907,0.5348837209302325,26.348837209302324,83.86046511627907,27.651162790697676
